V1,V2,V3,V4,V5,V6,V7,V8,V9,V10,V11,V12,V13,V14,V15,V16,V17,V18,V19,V20,V21,V22,V23,V24,V25,V26,V27,V28,Amount_scaled,true_label,fraud_prob
-17.5189091261484,12.5721178535385,-19.0385383213549,11.1908946558522,-13.5547207079601,-0.41192361337145,-23.189396512394,-5.30141221815132,-8.63039030596902,-16.2556117491401,5.70211147983179,-13.8124040899594,-0.306815322507812,-7.01360737195925,-1.18229035380557,-9.3601791927531,-16.6683693822389,-7.14746777723207,2.16209864550609,2.52851232971436,-4.96947772242457,0.976124822110751,1.8412479337881,0.334417748210128,-0.720128461316563,-0.232603423065217,-3.02199247294556,-0.478158234859683,-0.3467125124707047,1,0.99999905
-5.83919161928092,7.1515323543223,-12.8167600806187,7.03111476501099,-9.6512721679897,-2.93842725771624,-11.5432071690832,4.84362653179436,-3.49427572506535,-13.3207888671784,8.46024444901677,-17.003289445516,0.101556614891384,-14.094451660329,0.747030766392512,-12.6616957230679,-18.9124938172188,-6.62697484523061,4.00892074227194,0.0556838813863639,2.46205591127559,1.05486518382957,0.530480596078193,0.472669814042592,-0.275997967880675,0.282435024801752,0.104886020210564,0.254417096767513,0.9104057294892067,1,0.99999857
-10.2817840384715,6.30238478416897,-13.271718028752,8.92511547634157,-9.97557831146449,-2.83251346361162,-12.7032526593299,6.70684583868978,-7.07842395823848,-12.8056831898117,6.78605830197451,-13.0642398936784,1.1795245105938,-13.694873039573,0.951479176238826,-10.9542857275047,-20.5835927904158,-7.51726213169106,2.87235363605874,-0.247647527731929,2.47941350799644,0.366932842343897,0.0428046480276363,0.478278891799746,0.157770817898023,0.329900959238367,0.163504340964582,-0.485552212695879,0.11974420377603658,1,0.999998
0.908636658181293,2.84902401493181,-5.64734296336341,6.00941477810058,0.216656395035464,-2.39701442397293,-1.81930788593969,0.338526987742346,-2.81988277297887,-4.06309810827338,2.94119009271712,-6.15136219091534,-1.98952853525001,-9.15095100562097,-0.604289998808266,-1.95229039984463,-2.89255533222526,-0.912057960709434,-1.56373996709776,0.241921294746754,0.407260461266497,-0.397434852530952,-0.0800058534116311,-0.168596545191964,0.465058497798457,0.210509756241616,0.648704799002062,0.360224330288316,-0.34851165125797673,1,0.99999785
-4.99175779387947,5.2133398229232,-9.11132629809104,8.43198635177602,-3.4355156720863,-1.8275651016855,-7.11430284412379,3.43120663145462,-3.87564287029742,-6.86850850672582,7.15062516950116,-10.2629840447185,2.73308493575221,-10.1275247811671,-0.262783621001749,-5.19027103814098,-8.6557110398096,-2.02444347438745,1.5604792800844,0.0981321924634143,1.18942283937597,0.247858476295777,0.294448330047117,-0.548503502162266,-0.174616566570794,0.406702503092405,-0.40233927269736,-0.882885795448957,-0.35322939296682354,1,0.9999975
-13.8972058704019,6.34428045616839,-14.2816664432471,5.58100899740718,-12.8871331616131,-3.1461763671985,-15.450467216827,9.06028147442157,-5.48612077680694,-14.6764702497464,5.1483517210937,-10.7495919949504,1.58548896754337,-9.79801207658904,0.733276999106463,-12.675268899047,-20.7406637223494,-8.15366802624724,5.2283417900513,-1.02522792390103,3.05808183846397,0.941180290424241,-0.232710298333368,0.763508019302571,0.0754562386388435,-0.453839571774416,-1.50896825698328,-0.686835738780169,-0.3132885118893834,1,0.9999975
-6.71340697159693,3.92110415204576,-9.74667821737542,5.14826254938013,-5.15156271985187,-2.09938865681113,-5.93776683170198,3.57877960420447,-4.6849517505833,-8.53775768653457,6.34897930341209,-8.68160893168352,0.251179384774619,-11.6080022570993,-0.351568782034355,-5.36356643348466,-11.9390915052116,-3.58360287020043,0.897402406121681,0.135711322729059,0.954272201927517,-0.45108644858101,0.127214424071711,-0.339449869297565,0.394095513633807,1.07529509891805,1.6499059092424,-0.394905372194808,0.6579665672039641,1,0.99999714
-3.81821371829341,2.55133767783118,-4.75915831591909,1.63696695878653,-1.16790008391088,-1.67841338780471,-3.14473247208576,1.24510555037845,-1.69254135414833,-4.75993137385013,3.64225693939881,-4.165202322571,0.703069875094878,-7.62431631397779,-1.49801239964762,-4.07999232998846,-6.71717654755023,-1.88754964911755,1.35674828969143,0.164453445972909,0.837685440079622,0.761712127064149,-0.417694265920243,-0.469712471536136,-0.225934235750846,0.586415248500604,-0.348107405939032,0.0877768724326224,-0.31044987069168745,1,0.9999968
-10.6457996485752,5.9183066586857,-11.6710425949575,8.80736917876038,-7.97550136587277,-3.58680634405361,-13.6167970541448,6.42816934590602,-7.36845129274034,-12.8881582878915,6.85495311388866,-13.2116950297251,1.03561234332246,-13.7789556397675,1.04044835530024,-11.2903278082585,-20.5780220491922,-7.54782411219534,3.11847976563045,-0.0461701790327979,2.57196959291347,0.206809359357246,-1.66780140024191,0.558418754024331,-0.0278978765982558,0.354253781525514,0.273328726801416,-0.152908080809092,-0.35322939296682354,1,0.99999666
-14.1791651073631,7.42136996239257,-21.405835744128,11.927511869244,-7.97428068736155,-2.20271027666529,-15.4716122801735,-0.356594909586509,-6.38012489838839,-13.3482776536659,10.1875873241664,-14.5639797552132,0.59375935763569,-14.4915983463022,-0.281392503951236,-8.2641288443605,-12.4398049728466,-4.83707902601307,0.753149847889189,1.00276434172175,-2.36683606243662,1.13095519799655,0.991153238179024,-1.03313210707298,-0.327179344936207,0.634692903522304,2.17190494464567,-1.39528768393339,-0.3492313067728856,1,0.9999964
-10.3630494651588,4.54367201286394,-9.79589773551539,5.50800333404763,-6.03715599427489,-0.133492972364907,-11.7243461176622,-3.19834557193323,-4.76784222430147,-9.33212806886128,5.2241240042156,-7.74312234505579,-1.56034320038539,-7.14041803349475,1.18597782557697,-6.59870406570123,-12.1205390025684,-3.90409153348034,2.51343040062446,0.924396179705582,-2.45714487251707,1.68725664165106,0.977178353536712,-0.543368976583511,-0.289124786926125,-0.107586425389056,0.330641897772597,0.163577149556086,-0.3492313067728856,1,0.99999607
-4.38422089880268,3.26466481012305,-3.07715801666012,3.40359359659281,-1.93807528041028,-1.2210812776781,-3.3103166090276,-1.11197501012863,-1.97759328056305,-3.28820356526528,2.88609147657536,-6.84897793447677,-1.02923459062256,-7.46010298330266,0.0559060176229105,-4.33478342671028,-9.87456039324105,-3.54190332932228,-0.531558760456647,-0.141533268810834,2.07638272101207,-0.990302787008607,-0.330358452316133,0.158377625833497,0.0063514462492984,-0.493860013315231,-1.53765237842389,-0.994022490842227,-0.17075673907549527,1,0.9999958
-1.067713272294,5.26231210944906,-8.4385670664835,7.31648729995658,0.0082535729164869,-2.12593631959976,-3.3070357352934,1.86983752340028,-4.52258362448849,-5.17281182346005,5.59112619350265,-5.64041745782421,0.784510038605689,-12.0438056158463,0.353814874886981,-1.92055816814255,-1.87992827944447,0.679751299229409,0.797641375455208,0.821404548671474,0.547789786518153,-0.491959821843257,0.0559141341245579,-1.14536853471475,0.0689513455242996,0.535054734945035,0.539263072143882,0.124255055772618,-0.35015086659749134,1,0.9999957
-2.74048250153169,3.65809481979987,-4.11063552027473,5.34024166876747,-2.66677476000958,-0.0927818149405728,-4.38869880914515,-0.280132705503576,-2.82189458229917,-4.46628416302479,3.96979981229186,-7.34671678644283,-1.16331176961366,-8.22556891234807,0.82500183194645,-6.77286703365235,-8.81578542555918,-4.56885928410549,1.12659865645629,0.185325269832133,2.41749541196206,-0.0977119508973041,0.382154506973307,-0.154756519767143,-0.40395592644091,0.277894930235294,0.830061638644528,0.218690442242457,0.095875629198227,1,0.99999297
-3.57636177773708,3.29943622098785,-7.46043319687438,7.78363417666419,-0.398548657536885,-1.96844144838725,-3.11047619254795,-0.328403695377149,-1.57436284547485,-2.49756054724841,4.60417047790948,-9.0019148555682,-1.27632400546329,-13.9694706254616,1.25694535316357,-4.49162922501012,-5.96998693103967,-1.27466622002178,1.14778361222539,-0.181455201194929,0.540730752300116,0.719526342466937,0.379248749413946,-0.616961860032022,-0.44281081400968,0.359840688732324,-2.65182487459349,0.422184391599186,-0.3492313067728856,1,0.99999285
-6.75050851563533,5.36741605145469,-10.0546349530569,9.06447791765316,-7.96811808353808,-2.26379841398236,-10.317566180676,4.23766573099145,-5.32410880613734,-11.0923923688428,7.15408284221914,-17.1504052507291,-0.0953992277686904,-11.0301103643432,-1.95905455483077,-12.4485623424367,-22.6679054064789,-9.26460873295655,1.9823563171714,-0.0812198922441237,1.90903201764938,-0.34873973066671,0.425000563135111,0.674908669807175,-0.784208393488163,-0.247422102935353,1.1595813739152,0.197817874685768,0.4849693775922689,1,0.99999285
-4.32060921481281,3.19993870654465,-5.79973605389345,6.50233023566696,0.378479252807864,-1.94824637096657,-2.16785950480668,-0.728206711605414,-1.97723831745674,-3.47341070390428,4.56919375212135,-9.32115263136084,-1.59251765115386,-14.2668362798028,0.467776602458787,-4.06620855488173,-6.62696817708246,-1.43715841938037,-0.215409738450978,-0.263686068021973,0.47666042483552,0.434278328284482,-0.13693991841301,-0.620071695417129,0.642530576414265,0.28071734804164,-2.64910674899003,0.533640939848599,-0.3492313067728856,1,0.9999926
-26.4577446501446,16.497471901867,-30.1773174564996,8.90415677106517,-17.8925996927224,-1.22790388102871,-31.1973285494605,-11.43892041491,-9.46257260540015,-22.1870885620007,4.41999660154863,-10.5923050053728,-0.703795803703315,-3.92620731586873,-2.40024649210124,-6.80988994039049,-12.4623149481086,-5.50105078380738,-0.567939572890149,2.81224110932946,-8.75569832116533,3.46089334478551,0.896537503959012,0.254835536763482,-0.738096558530353,-0.966564233789852,-7.26348214633855,-1.32488430656137,-0.3492313067728856,1,0.99999225
-5.31417320646342,4.14594361146639,-8.53252245892907,8.34439167363678,-5.71800820787464,-3.04353608094129,-10.9891846672722,3.40412865609659,-6.16723364181153,-11.435623996076,7.67453383416429,-14.2960914258331,0.526938923712363,-15.4450258118019,0.991651201275811,-12.3913460034009,-22.5416517287861,-7.98672065349455,2.99255446334225,1.15001731865814,2.33146580801509,0.862996305559532,-0.614453237551036,0.523647877136623,-0.712593271662611,0.324637964828057,2.24509146635599,0.497320848969724,-0.0004782480756777188,1,0.99999225
-3.89119195123086,7.09891625215749,-11.4264670967961,8.60755678650129,-2.06570621026229,-2.98528802203595,-8.13858941693861,2.97392807853452,-6.27279046836547,-13.1934150665232,11.6197234753825,-17.6316063138707,-0.355194389515515,-18.8220867423816,-1.2831290856146,-10.0310966568698,-15.2270075099256,-5.32200898058982,-0.501750653452579,1.38261899967275,1.75708522742867,-0.18970915318715,-0.508629244173448,-1.18930816877394,1.18853649934791,0.605241885913626,1.8815287524148,0.875260407222375,-0.3492313067728856,1,0.9999919
-7.38154698606367,-7.44901515872674,-4.6962865237175,3.72843914957409,6.19830434711234,-6.40626663445964,-5.83145156036761,1.45717491941563,-0.6462025802667,-4.02912871953916,2.52894302060173,-3.308721722205,-1.99200968898389,-5.75721608217278,-0.877323474271716,-1.54755182348258,-1.90901678581052,0.500567470429737,0.136722438174659,2.93275812573212,1.17657484784395,-0.978692051214679,-0.278330343454922,-0.635873793806618,0.123539440325404,0.404729308452323,0.704914653621431,-1.22999168169143,-0.2132963761789951,1,0.9999914
-16.5265065691231,8.58497179585822,-18.6498531851945,9.50559351508723,-13.7938185270957,-2.83240429939747,-16.701694296045,7.51734390370987,-8.50705863675898,-14.1101844415457,5.29923634963938,-10.8340064814734,1.67112025332681,-9.37385858364976,0.360805641631617,-9.89924654080666,-19.2362923697613,-8.39855199494575,3.10173536885404,-1.51492343527852,1.19073869481428,-1.12767000902061,-2.3585787697881,0.673461328987237,-1.4136996745882,-0.46276236139933,-2.01857524875161,-1.04280416970881,1.1028336180034406,1,0.9999914
-4.59561704249556,5.08369023030901,-7.58101461744265,7.54603279503791,-6.94916456384443,-1.72918492987346,-8.19019171984817,2.71466961013434,-7.08316933143187,-11.1412776902967,7.38185937432083,-14.4686550955305,0.299659909360646,-13.602211465597,0.516112699650764,-13.5632729563133,-23.8156358284126,-9.17055721888169,3.66952343976659,1.68216030642087,2.24897122592187,0.566843572297808,0.0337440528595468,0.591783408003629,0.334228764687698,0.386801106292112,2.16389776726335,0.983103834042297,1.0065597024534145,1,0.99999034
-7.03030814445441,3.42199090467553,-9.52507177254752,5.27089100906596,-4.02463027558805,-2.86568161775739,-6.98919473439446,3.79155093755913,-4.62273033596451,-8.40966487562735,6.30904400603177,-8.57676143258937,0.246746716929862,-11.5340460181508,-0.3642651387587,-5.45249465771382,-11.8875700201872,-3.56358481007011,0.876018768156628,0.545698040621445,1.10339774484256,-0.541854751589521,0.0369432219896495,-0.355519004066217,0.353634382097,1.04245799282131,1.35951563156376,-0.272188101257294,-0.35322939296682354,1,0.9999888
-3.63280894927825,5.43726336227612,-9.13652148062595,10.3072263079132,-5.42183029451154,-2.86481514933136,-10.6340876212042,3.01812657999175,-4.89164032107494,-11.2350479111446,8.78878366710272,-18.5536970096458,-0.339533407676443,-15.6231873302985,-0.188978574214972,-12.4279613630565,-20.1590474539227,-6.88889109280947,2.58609321670737,1.35406479520345,2.30988016889674,0.978660126299279,-0.0961301444473713,0.432376722544823,-0.435627929953396,0.65089278643537,1.69360750804844,0.857685371687245,-0.3190857368705934,1,0.9999871
-1.58550536691994,3.26158454822833,-4.13742198305023,2.35709625199132,-1.40504331370135,-1.87943719306477,-3.51368687087654,1.51560674568816,-1.20716636120056,-6.23456133227108,5.45074606689486,-7.33371406736393,1.36119332407831,-6.60806825219469,-0.481069424899829,-2.60247787045261,-4.83511205239717,-0.553026089102902,0.351948943356815,0.315957258937511,0.501543149467536,-0.54686881157389,-0.0765836358993043,-0.425550366841581,0.123644186352002,0.321984539336613,0.264028160503965,0.132816719764592,-0.3492313067728856,1,0.99998486
-8.42681446458936,6.24165891255794,-9.94646974501132,8.19961393161759,-8.21309336768256,-2.52204605104398,-11.6430282742756,5.33950009801351,-7.05101582770698,-12.2653238444006,7.04773274001302,-13.7429528415799,0.821627223133927,-14.1074642630375,1.02047093981622,-11.8478871921138,-21.6739867132891,-7.78404247450965,3.20430921695579,0.563869352833826,2.42746037443776,0.692666548056743,0.0203051671536146,0.499809093124917,0.467593621860553,0.483161969665241,1.19567086957704,0.198294350072086,-0.0004782480756777188,1,0.9999846
-4.84437152213983,5.64943864783758,-6.73039574613665,5.25284201867297,-4.4095661499774,-1.74076745609347,-6.31169852901067,3.44916731253577,-5.41628435913526,-7.8335555711125,3.6573495649865,-7.7814479532704,1.50772042676786,-8.60475886835984,0.0105926875670707,-6.55397325691037,-12.6243936527694,-4.98990973846596,1.64541389333247,0.284555090358885,1.19488835625662,-0.845752531858704,0.190673885417928,-0.216443252531192,-0.325033100382822,-0.270327592956951,0.210214051535782,0.391854886292055,0.0933568348960461,1,0.99998367
-25.9424344479142,14.6019980426299,-27.3686502881266,6.37839460769688,-19.1040334039646,-4.68480620428185,-18.2613929340355,17.0525663121462,-3.74260500983864,-8.233721369876,4.6648362538527,-6.52566786025865,0.92375858946558,-6.32597461208273,-0.0702237027595964,-5.83836021908828,-12.0616957125199,-4.77334851403019,0.852969608454831,1.66730429040185,1.78431598423494,-1.91775921336107,-1.23578743924962,0.161104731783341,1.82037804128869,-0.2193590586868,1.38878576213598,0.406809649908512,0.046539245565032604,1,0.9999808
-22.3418888868038,15.53613332478,-22.8652284959099,7.04337354768731,-14.1831291919342,-0.463144880408286,-28.2151120538009,-14.6077905214735,-9.48145633401495,-20.9491915543611,4.73958247105186,-11.9249546896802,-1.50141102577851,-3.83678146634435,-2.72032883823594,-8.88010567222989,-15.8251362851177,-6.75042522352437,-0.129188144339879,4.10001904830367,-9.11042257588182,4.15889482041313,1.41292844456256,0.38280067392155,0.447153952515532,-0.632816336434319,-4.38015425911661,-0.467862869164174,-0.3492313067728856,1,0.99997973
-22.5616992591298,13.2089042844176,-24.6438187771226,6.23253182330679,-16.905611362323,-4.49743871970001,-16.8101841919321,14.9551067734604,-3.87129682308601,-8.58126551626339,5.25698760960799,-7.39361499215009,0.538800829120431,-7.57755201800709,-0.030725531904052,-6.45478323655342,-12.8456565242928,-4.86591773720169,1.06244185030067,1.62144422472126,1.76598663639159,-1.6355166467436,-0.998316503452087,0.138972227361725,1.55935014018173,-0.22212451669,1.5044246600224,0.445919826109776,0.046539245565032604,1,0.99997914
-21.2091195927913,12.6521968313004,-23.5539329441267,6.17407791004356,-16.026658125511,-4.42219459449987,-16.2294437253382,14.1160019049786,-3.92274144947115,-8.72024451506225,5.49388683652872,-7.7408158639401,0.384814230466723,-8.078240669038,-0.0148996037313368,-6.7012888702885,-13.1592668578419,-4.90303149501704,1.1462752482696,1.60243883702914,1.75844007534189,-1.52258816196329,-0.903860197993699,0.130166452450156,1.45485651906738,-0.223214403323927,1.55092845004664,0.461459566763514,0.046539245565032604,1,0.9999782
-4.86810843844627,1.26441977404559,-5.16788542660662,3.19364784504611,-3.04562137708228,-2.09616609885545,-6.44561018266068,2.4225355920307,-3.2140554159387,-8.74597261185534,5.41604190908794,-8.16412507731485,-0.165010607208302,-10.1935303551514,-1.89521031032574,-7.36047460938421,-14.6687710766351,-4.87711900477519,1.38560952778492,0.66730977994879,1.26920538901712,0.0576572516592633,0.629307399675982,-0.168431773502721,0.443743902404587,0.276539471570389,1.44127396787951,-0.127943726430018,-0.3040129519194473,1,0.99997604
-1.81328048476897,4.91785071056565,-5.92612969400656,5.70150043141163,1.20439257214362,-3.03513754815611,-1.71340206347108,0.561257390902032,-3.79635425171163,-7.45484065078351,7.38805512292025,-10.4752286504099,-0.379314526756117,-11.7367291212569,-2.08698895215593,-2.44235398293755,-3.53552351168246,0.130360306640887,-2.07145048844325,0.576656033332069,0.615641835107552,-0.4064272753179,-0.73701807643754,-0.279641772215917,1.1067663744335,0.323885477719453,0.894766671515833,0.569518600269514,-0.3492313067728856,1,0.9999759
-13.1926709562391,12.785970638298,-9.90665002092758,3.32033688288942,-4.80117593230105,5.76005855618556,-18.7508891580107,-37.3534426378925,-0.391539743919107,-5.05250236713858,4.40680552357904,-4.61075647740608,-1.90948796970811,-9.07271093398351,-0.226074450896345,-6.21155748212485,-6.24814535335983,-3.14924669470095,0.0515761185277783,-3.49304991519446,27.2028391573154,-8.88701714094871,5.30360690376998,-0.639434802306313,0.263203123457008,-0.108876929971315,1.26956635541013,0.939407362758877,-0.3492313067728856,1,0.99997544
-13.1926709562391,12.785970638298,-9.90665002092758,3.32033688288942,-4.80117593230105,5.76005855618556,-18.7508891580107,-37.3534426378925,-0.391539743919107,-5.05250236713858,4.40680552357904,-4.61075647740608,-1.90948796970811,-9.07271093398351,-0.226074450896345,-6.21155748212485,-6.24814535335983,-3.14924669470095,0.0515761185277783,-3.49304991519446,27.2028391573154,-8.88701714094871,5.30360690376998,-0.639434802306313,0.263203123457008,-0.108876929971315,1.26956635541013,0.939407362758877,-0.3492313067728856,1,0.99997544
-1.82429505976067,0.403326526860602,-1.99412200641801,2.75655816357726,-3.13906432572579,0.408185014718199,-1.20904511871624,1.09563435393431,-1.44722489217345,-3.95100289197434,2.56070020158284,-3.4119829114195,-0.781669619949492,-4.7327675351632,-0.433973654922625,-3.30608841178359,-4.23102187544855,-0.750809770409941,2.69080834203374,1.50368830479002,0.838760421033887,0.341727095787049,0.947506491293615,-0.145493002452622,0.0493257725258454,0.831065451615044,0.33242130393302,0.252712728641008,1.6046733970665326,1,0.9999747
0.467991939825149,1.1001181155631,-5.60714499999017,2.20471352581391,-0.578538842835423,-0.174199760931247,-3.45420147180469,1.10282268929697,-1.06501551547524,-5.41603688884657,4.49792897288062,-5.01960988798824,-1.01969120130359,-7.91498900748283,0.669648023350281,-4.47201433366572,-5.8569977597527,-2.2431779037749,-0.17381402447058,0.589574721718141,0.983480729453912,0.899876105807612,-0.285103424654105,-1.92971710448514,0.319868526124677,0.170636428415686,0.851798305715368,0.372098282227753,0.12869991685045765,1,0.9999714
-19.8563223334433,12.0958932259299,-22.4640827464876,6.11554110191771,-15.1480215209615,-4.34672408349599,-15.6485074722661,13.2768048056341,-3.97416161954102,-8.85919405880884,5.73081553744459,-8.08803351213651,0.230824969324902,-8.57897327333454,0.000946636693186,-6.94774606726094,-13.4728970076501,-4.94021082886802,1.23014255193802,1.58292955492187,1.75072984045421,-1.40963570908141,-0.809809278333882,0.121396659905885,1.35030007077468,-0.224291873525585,1.59762136835254,0.476919818025438,0.046539245565032604,1,0.9999714
-1.20139778318497,4.86453518123444,-8.32882331553453,7.65239936205533,-0.167445105903909,-2.76769464972835,-3.17642095110716,1.62327867967437,-4.36722762476754,-5.5334430286147,4.1064045585523,-6.33182479621436,0.671784814909419,-12.1565865835299,1.02025178475153,-2.11086343309451,-1.55854452752772,0.195991826282669,0.502453451135321,0.597025549850308,0.532320016259289,-0.556913021850898,0.192444399731584,-0.698588444235578,0.0250027161193826,0.514967603188505,0.378105295962737,-0.0531327938498238,-0.35015086659749134,1,0.9999707
-1.27124419171437,2.46267526851135,-2.85139500331783,2.3244800653478,-1.37224488981369,-0.948195686538643,-3.06523436172054,1.16692694787211,-2.26877058844813,-4.88114292689057,2.25514748870463,-4.68638689759229,0.652374668512965,-6.17428834800643,0.594379608016446,-4.84969238709652,-6.53652073527011,-3.11909388163881,1.71549441975915,0.560478075726644,0.652941051330455,0.0819309763507574,-0.221347831198339,-0.523582159233306,0.224228161862968,0.756334522703558,0.632800477330469,0.250187092757197,-0.35318941210488414,1,0.9999703
-4.28058383167792,1.42110000741665,-3.90822884348162,2.94294608011161,-0.0762053360306411,-2.00252600045019,-2.87415473251562,-0.856005441485914,0.963674230223562,-3.23543895742654,3.34180192747217,-7.56286042898412,-1.8474434271558,-11.5714234295766,-1.4815558418284,-6.18091869945618,-9.28518598266033,-3.92172214129965,0.685510860299876,-0.198962780003302,-0.140061995134615,-0.90772022005271,-0.680107948583095,-0.349169892929711,0.0562758915123628,-1.14992266869478,-1.80988612030864,0.723051433275673,-0.34883149815349185,1,0.9999701
-17.2751911945397,10.8196653713117,-20.3638859739149,6.04661174671427,-13.4650333517322,-4.16664724489873,-14.4094479851747,11.5807967244857,-4.07385571204177,-9.15336803834587,6.21088301172371,-8.77857203246194,-0.0613674966661798,-9.57466229922106,0.0492885399107771,-7.41848727872681,-14.1027718764864,-5.01642333521081,1.39031436050276,1.54497046707519,1.7298040916597,-1.20809608165502,-0.726839224163999,0.112539673508366,1.11919347248491,-0.233188990129274,1.68406299250578,0.503739738280361,0.046539245565032604,1,0.99996877
-2.3122265423263,1.95199201064158,-1.60985073229769,3.9979055875468,-0.522187864667764,-1.42654531920595,-2.53738730624579,1.39165724829804,-2.77008927719433,-2.77227214465915,3.20203320709635,-2.89990738849473,-0.595221881324605,-4.28925378244217,0.389724120274487,-1.14074717980657,-2.83005567450437,-0.0168224681808257,0.416955705037907,0.126910559061474,0.517232370861764,-0.0350493686052974,-0.465211076182388,0.320198198514526,0.0445191674731724,0.177839798284401,0.261145002567677,-0.143275874698919,-0.35322939296682354,1,0.9999615
-1.51924353075082,2.30849245367643,-1.50359931953802,2.06410058377601,-1.00084505842829,-1.01689703316417,-2.05973051990126,-0.275166374590629,-1.56220609694371,-2.75579692797163,3.43824825990431,-3.52152936013651,-0.918761288376486,-4.45210024854037,0.499313753853031,-2.90790343439971,-5.24864639527919,-0.936814652613817,1.16012029433585,0.175018552247898,1.30787143187069,0.102825644139183,-0.0177462832428156,0.149695925673219,-0.0966024680642115,-0.369114567720136,-0.0192440931269227,-0.20831909164279,-0.3492313067728856,1,0.9999585
-4.19873460983989,0.194120636801706,-3.91758567828042,3.92074784640417,-1.87548574659158,-2.11893292738694,-3.61444510993627,1.68788446543007,-2.18987113590881,-4.68423332514029,4.37690666362302,-5.00744082816051,-1.30474507803596,-6.19247526385522,1.00240426741391,-3.31693430074553,-6.18883415213498,-1.04041264854272,1.23304434947994,1.0033504305956,0.801312235949018,-0.183000576489906,-0.440386862411508,0.292539411877521,-0.144967421927777,-0.251743981877142,1.24941367428483,-0.131524643545312,0.601913398764954,1,0.9999583
-10.5273044341626,7.63974510878724,-13.4431145027514,4.30340291762786,-8.04820986720506,-3.46699653575204,-8.64319279153494,7.28410530047069,-2.36209663777244,-5.99659592015915,2.5891035399443,-5.9622614216576,-0.468955402702701,-6.77818372152522,0.907946622048306,-3.97013003226966,-6.85761265464239,-2.51173568202806,0.511761951503497,0.847085223070639,0.937415595523653,-0.931178206442092,-0.235696693319785,-0.0313933540844794,0.591558276561224,-0.263516323288921,1.10889729755393,0.219021143211497,0.046539245565032604,1,0.9999579
0.378274504006009,3.91479678866992,-5.72687201536627,6.09414095882864,1.69887526405022,-2.8073139468834,-0.591118212837213,-0.123495593086659,-2.53071281390832,-5.15309460989926,4.65408842254301,-7.83953899762349,1.37181858033581,-9.63468971263612,-0.739596855842826,-0.663203945673478,0.891934540534899,0.978675639075006,-2.00547660274646,0.440439440893876,0.149895683076911,-0.601967245529085,-0.613724335539499,-0.403113687819411,1.568445255978,0.52188393400233,0.527937749881352,0.411910405834512,-0.3492313067728856,1,0.9999516
-3.61385045502803,-0.922135693038651,-4.74988736419275,3.37300132781874,-0.545207025424103,-1.17130106266974,-4.17231457141019,1.51701594293521,-1.77583268078792,-3.75405392305562,2.73157578227581,-3.48937464729063,1.54738008909916,-4.57126773103714,-0.517958568740869,-4.23908653141223,-9.25063451000699,-2.4348278029986,1.98738627690236,-0.320540972806239,0.7867870185412,0.893064859228385,1.03490656705841,0.097671080445461,-1.34555112500186,-0.788328913242689,1.05544197476733,0.0999714026087802,0.22569348791539245,1,0.9999454
-4.56634156694274,3.35345148012501,-4.57202780762531,3.61611930403552,-2.49313810882875,-1.0899997127127,-5.55143306976649,0.44778308394893,-2.42441402571208,-5.69992228265959,3.58682418337431,-6.63622904939297,-1.1281764439465,-7.24554959537009,0.638325536245456,-6.85681003898144,-8.85187850534679,-4.5918832274368,0.936939858866071,-0.249127726683026,2.67446587862872,-0.0208799797343963,-0.302447083877198,-0.0863964000107124,-0.516059779833395,-0.295102234035121,0.195985145691014,0.141115102721758,-0.3492313067728856,1,0.9999447
